-- phpMyAdmin SQL Dump
-- version 4.0.10.18
-- https://www.phpmyadmin.net
--
-- Host: localhost:3306
-- Generation Time: Oct 08, 2017 at 08:12 PM
-- Server version: 5.6.36-cll-lve
-- PHP Version: 5.6.30

SET SQL_MODE = "NO_AUTO_VALUE_ON_ZERO";
SET time_zone = "+00:00";


/*!40101 SET @OLD_CHARACTER_SET_CLIENT=@@CHARACTER_SET_CLIENT */;
/*!40101 SET @OLD_CHARACTER_SET_RESULTS=@@CHARACTER_SET_RESULTS */;
/*!40101 SET @OLD_COLLATION_CONNECTION=@@COLLATION_CONNECTION */;
/*!40101 SET NAMES utf8 */;

--
-- Database: `inkardex_db`
--

-- --------------------------------------------------------

--
-- Table structure for table `categories`
--

CREATE TABLE IF NOT EXISTS `categories` (
  `id` int(10) unsigned NOT NULL AUTO_INCREMENT,
  `name` varchar(45) COLLATE utf8_unicode_ci NOT NULL,
  `created_at` timestamp NULL DEFAULT NULL,
  `updated_at` timestamp NULL DEFAULT NULL,
  PRIMARY KEY (`id`),
  UNIQUE KEY `categories_name_unique` (`name`)
) ENGINE=MyISAM  DEFAULT CHARSET=utf8 COLLATE=utf8_unicode_ci AUTO_INCREMENT=8 ;

--
-- Dumping data for table `categories`
--

INSERT INTO `categories` (`id`, `name`, `created_at`, `updated_at`) VALUES
(1, 'Cerrajería', '2017-10-07 07:11:44', '2017-10-07 07:19:34'),
(2, 'pintura', '2017-10-07 07:14:20', '2017-10-07 07:14:20'),
(3, 'Ferretería', '2017-10-07 07:28:11', '2017-10-07 07:28:11'),
(4, 'Fontanería', '2017-10-07 07:43:24', '2017-10-07 07:43:24'),
(5, 'Hogar', '2017-10-07 07:59:32', '2017-10-07 07:59:32'),
(6, 'Jardinería', '2017-10-08 07:42:53', '2017-10-08 07:42:53'),
(7, 'Tecnologia', '2017-10-08 14:52:00', '2017-10-08 14:52:00');

-- --------------------------------------------------------

--
-- Table structure for table `migrations`
--

CREATE TABLE IF NOT EXISTS `migrations` (
  `id` int(10) unsigned NOT NULL AUTO_INCREMENT,
  `migration` varchar(255) COLLATE utf8_unicode_ci NOT NULL,
  `batch` int(11) NOT NULL,
  PRIMARY KEY (`id`)
) ENGINE=InnoDB  DEFAULT CHARSET=utf8 COLLATE=utf8_unicode_ci AUTO_INCREMENT=105 ;

--
-- Dumping data for table `migrations`
--

INSERT INTO `migrations` (`id`, `migration`, `batch`) VALUES
(96, '2014_10_12_000000_create_users_table', 2),
(97, '2014_10_12_100000_create_password_resets_table', 2),
(98, '2017_10_02_153228_create_categories_table', 2),
(99, '2017_10_02_153248_create_products_table', 2),
(100, '2017_10_02_153332_create_sales_table', 2),
(101, '2017_10_02_153509_create_photos_table', 2),
(102, '2017_10_02_153541_create_roles_table', 2),
(103, '2017_10_02_154208_create_user_states_table', 2),
(104, '2017_10_04_121509_create_sale_details_table', 2);

-- --------------------------------------------------------

--
-- Table structure for table `password_resets`
--

CREATE TABLE IF NOT EXISTS `password_resets` (
  `email` varchar(255) COLLATE utf8_unicode_ci NOT NULL,
  `token` varchar(255) COLLATE utf8_unicode_ci NOT NULL,
  `created_at` timestamp NULL DEFAULT NULL,
  KEY `password_resets_email_index` (`email`)
) ENGINE=MyISAM DEFAULT CHARSET=utf8 COLLATE=utf8_unicode_ci;

-- --------------------------------------------------------

--
-- Table structure for table `photos`
--

CREATE TABLE IF NOT EXISTS `photos` (
  `id` int(10) unsigned NOT NULL AUTO_INCREMENT,
  `name` varchar(45) COLLATE utf8_unicode_ci NOT NULL,
  `path` varchar(100) COLLATE utf8_unicode_ci NOT NULL,
  `imageable_id` int(11) NOT NULL,
  `imageable_type` varchar(255) COLLATE utf8_unicode_ci NOT NULL,
  `created_at` timestamp NULL DEFAULT NULL,
  `updated_at` timestamp NULL DEFAULT NULL,
  PRIMARY KEY (`id`)
) ENGINE=MyISAM  DEFAULT CHARSET=utf8 COLLATE=utf8_unicode_ci AUTO_INCREMENT=52 ;

--
-- Dumping data for table `photos`
--

INSERT INTO `photos` (`id`, `name`, `path`, `imageable_id`, `imageable_type`, `created_at`, `updated_at`) VALUES
(7, 'IMG_1507450599.jpg', '/uploads/IMG_1507450599.jpg', 1, 'App\\Product', '2017-10-08 09:16:39', '2017-10-08 09:16:39'),
(9, 'IMG_1507450826.jpg', '/uploads/IMG_1507450826.jpg', 3, 'App\\Product', '2017-10-08 09:20:26', '2017-10-08 09:20:26'),
(8, 'IMG_1507450668.jpg', '/uploads/IMG_1507450668.jpg', 2, 'App\\Product', '2017-10-08 09:17:48', '2017-10-08 09:17:48'),
(10, 'IMG_1507450841.jpg', '/uploads/IMG_1507450841.jpg', 4, 'App\\Product', '2017-10-08 09:20:41', '2017-10-08 09:20:41'),
(11, 'IMG_1507450855.jpg', '/uploads/IMG_1507450855.jpg', 5, 'App\\Product', '2017-10-08 09:20:55', '2017-10-08 09:20:55'),
(12, 'IMG_1507450886.jpg', '/uploads/IMG_1507450886.jpg', 6, 'App\\Product', '2017-10-08 09:21:26', '2017-10-08 09:21:26'),
(13, 'IMG_1507450904.jpg', '/uploads/IMG_1507450904.jpg', 7, 'App\\Product', '2017-10-08 09:21:44', '2017-10-08 09:21:44'),
(14, 'IMG_1507450927.jpg', '/uploads/IMG_1507450927.jpg', 8, 'App\\Product', '2017-10-08 09:22:07', '2017-10-08 09:22:07'),
(15, 'IMG_1507450942.jpg', '/uploads/IMG_1507450942.jpg', 9, 'App\\Product', '2017-10-08 09:22:22', '2017-10-08 09:22:22'),
(16, 'IMG_1507450972.jpg', '/uploads/IMG_1507450972.jpg', 10, 'App\\Product', '2017-10-08 09:22:52', '2017-10-08 09:22:52'),
(17, 'IMG_1507451004.jpg', '/uploads/IMG_1507451004.jpg', 11, 'App\\Product', '2017-10-08 09:23:24', '2017-10-08 09:23:24'),
(18, 'IMG_1507451017.jpg', '/uploads/IMG_1507451017.jpg', 12, 'App\\Product', '2017-10-08 09:23:37', '2017-10-08 09:23:37'),
(19, 'IMG_1507451032.jpg', '/uploads/IMG_1507451032.jpg', 13, 'App\\Product', '2017-10-08 09:23:52', '2017-10-08 09:23:52'),
(20, 'IMG_1507451049.jpg', '/uploads/IMG_1507451049.jpg', 14, 'App\\Product', '2017-10-08 09:24:09', '2017-10-08 09:24:09'),
(21, 'IMG_1507451065.jpg', '/uploads/IMG_1507451065.jpg', 15, 'App\\Product', '2017-10-08 09:24:25', '2017-10-08 09:24:25'),
(22, 'IMG_1507451082.jpg', '/uploads/IMG_1507451082.jpg', 16, 'App\\Product', '2017-10-08 09:24:42', '2017-10-08 09:24:42'),
(23, 'IMG_1507451107.jpg', '/uploads/IMG_1507451107.jpg', 17, 'App\\Product', '2017-10-08 09:25:07', '2017-10-08 09:25:07'),
(24, 'IMG_1507451124.jpg', '/uploads/IMG_1507451124.jpg', 18, 'App\\Product', '2017-10-08 09:25:24', '2017-10-08 09:25:24'),
(25, 'IMG_1507451159.jpg', '/uploads/IMG_1507451159.jpg', 19, 'App\\Product', '2017-10-08 09:25:59', '2017-10-08 09:25:59'),
(26, 'IMG_1507451181.JPG', '/uploads/IMG_1507451181.JPG', 20, 'App\\Product', '2017-10-08 09:26:21', '2017-10-08 09:26:21'),
(27, 'IMG_1507451200.jpg', '/uploads/IMG_1507451200.jpg', 21, 'App\\Product', '2017-10-08 09:26:40', '2017-10-08 09:26:40'),
(28, 'IMG_1507451215.jpg', '/uploads/IMG_1507451215.jpg', 22, 'App\\Product', '2017-10-08 09:26:55', '2017-10-08 09:26:55'),
(29, 'IMG_1507451231.jpg', '/uploads/IMG_1507451231.jpg', 23, 'App\\Product', '2017-10-08 09:27:11', '2017-10-08 09:27:11'),
(30, 'IMG_1507451540.jpg', '/uploads/IMG_1507451540.jpg', 1, 'App\\User', '2017-10-08 09:32:20', '2017-10-08 09:32:20'),
(31, 'IMG_1507471229.JPG', '/uploads/IMG_1507471229.JPG', 24, 'App\\Product', '2017-10-08 15:00:29', '2017-10-08 15:00:29'),
(32, 'IMG_1507471370.JPG', '/uploads/IMG_1507471370.JPG', 25, 'App\\Product', '2017-10-08 15:02:50', '2017-10-08 15:02:50'),
(33, 'IMG_1507471580.JPG', '/uploads/IMG_1507471580.JPG', 26, 'App\\Product', '2017-10-08 15:06:20', '2017-10-08 15:06:20'),
(34, 'IMG_1507471714.JPG', '/uploads/IMG_1507471714.JPG', 27, 'App\\Product', '2017-10-08 15:08:34', '2017-10-08 15:08:34'),
(35, 'IMG_1507471881.JPG', '/uploads/IMG_1507471881.JPG', 28, 'App\\Product', '2017-10-08 15:11:21', '2017-10-08 15:11:21'),
(36, 'IMG_1507471988.JPG', '/uploads/IMG_1507471988.JPG', 29, 'App\\Product', '2017-10-08 15:13:08', '2017-10-08 15:13:08'),
(37, 'IMG_1507472074.JPG', '/uploads/IMG_1507472074.JPG', 30, 'App\\Product', '2017-10-08 15:14:34', '2017-10-08 15:14:34'),
(51, 'IMG_1507496312.jpeg', '/uploads/IMG_1507496312.jpeg', 2, 'App\\User', '2017-10-08 21:58:32', '2017-10-08 21:58:32');

-- --------------------------------------------------------

--
-- Table structure for table `products`
--

CREATE TABLE IF NOT EXISTS `products` (
  `id` int(10) unsigned NOT NULL AUTO_INCREMENT,
  `category_id` int(10) unsigned NOT NULL,
  `name` varchar(45) COLLATE utf8_unicode_ci NOT NULL,
  `sku` varchar(45) COLLATE utf8_unicode_ci NOT NULL,
  `quantity` int(11) NOT NULL,
  `price` decimal(10,2) DEFAULT NULL,
  `sell_price` decimal(10,2) DEFAULT NULL,
  `created_at` timestamp NULL DEFAULT NULL,
  `updated_at` timestamp NULL DEFAULT NULL,
  PRIMARY KEY (`id`),
  UNIQUE KEY `products_name_unique` (`name`),
  UNIQUE KEY `products_sku_unique` (`sku`)
) ENGINE=MyISAM  DEFAULT CHARSET=utf8 COLLATE=utf8_unicode_ci AUTO_INCREMENT=31 ;

--
-- Dumping data for table `products`
--

INSERT INTO `products` (`id`, `category_id`, `name`, `sku`, `quantity`, `price`, `sell_price`, `created_at`, `updated_at`) VALUES
(1, 2, 'galon pintura comex', 'SKU3782', 100, '25.00', '28.00', '2017-10-07 07:15:56', '2017-10-07 07:15:56'),
(2, 1, 'Caja fuerte electronica', 'SKU11848', 25, '58.20', '68.95', '2017-10-07 07:25:55', '2017-10-08 09:17:34'),
(3, 3, 'Escalera de tres peldanos', 'SKU77965', 50, '20.50', '38.95', '2017-10-07 07:32:01', '2017-10-08 09:20:26'),
(4, 3, 'Lamina de aluminio lisa', 'SKU69521', 800, '58.20', '79.95', '2017-10-07 07:35:36', '2017-10-08 09:20:41'),
(5, 3, 'Lamina de acero inoxidable', 'SKU52278', 500, '78.20', '98.95', '2017-10-07 07:39:17', '2017-10-07 07:39:17'),
(6, 3, 'Laminas de hierro', 'SKU20827', 500, '79.50', '98.90', '2017-10-07 07:41:18', '2017-10-08 09:21:26'),
(7, 4, 'Lavaplatos inoxidable', 'SKU70201', 100, '19.40', '35.95', '2017-10-07 07:45:17', '2017-10-07 07:45:17'),
(8, 4, 'Pila pastica con un lavadero', 'SKU42321', 50, '70.35', '135.90', '2017-10-07 07:49:50', '2017-10-07 07:49:50'),
(9, 4, 'Pila plastica con dos lavaderos', 'SKU70079', 50, '90.25', '175.80', '2017-10-07 07:51:02', '2017-10-07 07:51:02'),
(10, 1, 'Candado de combinacion marca Yale', 'SKU88335', 125, '1.20', '4.50', '2017-10-07 07:54:31', '2017-10-08 09:22:52'),
(11, 1, 'Cerradura', 'SKU77300', 100, '18.20', '29.90', '2017-10-07 07:57:35', '2017-10-07 07:57:35'),
(12, 5, 'Caja organizadora', 'SKU23959', 250, '4.60', '8.95', '2017-10-07 08:01:57', '2017-10-07 08:01:57'),
(13, 5, 'Closet portatil', 'SKU18618', 125, '78.90', '150.90', '2017-10-07 08:04:05', '2017-10-07 08:04:05'),
(14, 5, 'Mueble para TV', 'SKU44082', 50, '29.80', '55.90', '2017-10-07 08:07:33', '2017-10-07 08:07:33'),
(15, 5, 'Muebles para sala', 'SKU87032', 25, '380.70', '680.90', '2017-10-07 08:09:18', '2017-10-07 08:09:18'),
(16, 5, 'Comedor', 'SKU46387', 50, '389.90', '599.95', '2017-10-07 08:11:05', '2017-10-07 08:11:05'),
(17, 3, 'Destornillador Stanley', 'SKU42265', 20, '2.00', '8.99', '2017-10-08 07:40:40', '2017-10-08 07:40:40'),
(18, 6, 'Abono Frutal Flowers', 'SKU50717', 100, '0.50', '3.75', '2017-10-08 07:46:30', '2017-10-08 07:46:30'),
(19, 6, 'Pala de Jardineria', 'SKU20988', 25, '2.50', '5.25', '2017-10-08 07:48:58', '2017-10-08 09:25:59'),
(20, 6, 'Maseta Plastica mediana', 'SKU77647', 50, '1.35', '2.98', '2017-10-08 07:51:56', '2017-10-08 09:26:21'),
(21, 6, 'Manguera Surtek de cien metros', 'SKU96395', 20, '8.00', '17.50', '2017-10-08 07:55:46', '2017-10-08 07:55:46'),
(22, 6, 'Tijera de podar', 'SKU5123', 50, '4.00', '12.50', '2017-10-08 07:58:15', '2017-10-08 07:58:15'),
(23, 6, 'Banca de madera', 'SKU51236', 15, '21.98', '38.99', '2017-10-08 08:02:15', '2017-10-08 08:02:15'),
(24, 7, 'Mouse Ergonomico', 'SKU52761', 50, '17.00', '25.00', '2017-10-08 15:00:29', '2017-10-08 15:00:29'),
(25, 7, 'Audifonos Bluetooth', 'SKU7843', 50, '25.00', '45.00', '2017-10-08 15:02:50', '2017-10-08 15:02:50'),
(26, 7, 'Laptop HP ENVY 13 Intel Core i5', 'SKU87543', 50, '700.00', '900.00', '2017-10-08 15:06:20', '2017-10-08 15:06:20'),
(27, 7, 'Laptop ASUS Intel Core i5', 'SKU71516', 50, '700.00', '950.00', '2017-10-08 15:08:34', '2017-10-08 15:08:34'),
(28, 7, 'Disco Duro SanDisk SSD 120GB', 'SKU7236', 50, '80.00', '100.00', '2017-10-08 15:11:21', '2017-10-08 15:11:21'),
(29, 7, 'Monitor ASUS 27 inch', 'SKU64856', 50, '400.00', '550.00', '2017-10-08 15:13:08', '2017-10-08 15:13:08'),
(30, 7, 'Monitor AOC 35 inch curved', 'SKU46528', 50, '800.00', '1100.00', '2017-10-08 15:14:34', '2017-10-08 15:14:34');

-- --------------------------------------------------------

--
-- Table structure for table `roles`
--

CREATE TABLE IF NOT EXISTS `roles` (
  `id` int(10) unsigned NOT NULL AUTO_INCREMENT,
  `name` varchar(255) COLLATE utf8_unicode_ci NOT NULL,
  `created_at` timestamp NULL DEFAULT NULL,
  `updated_at` timestamp NULL DEFAULT NULL,
  PRIMARY KEY (`id`)
) ENGINE=MyISAM DEFAULT CHARSET=utf8 COLLATE=utf8_unicode_ci AUTO_INCREMENT=1 ;

-- --------------------------------------------------------

--
-- Table structure for table `sales`
--

CREATE TABLE IF NOT EXISTS `sales` (
  `id` int(10) unsigned NOT NULL AUTO_INCREMENT,
  `status_id` int(10) unsigned NOT NULL,
  `user_id` int(10) unsigned NOT NULL,
  `receipt` varchar(45) COLLATE utf8_unicode_ci NOT NULL,
  `quantity` int(11) DEFAULT NULL,
  `amount` decimal(10,2) DEFAULT NULL,
  `created_at` timestamp NULL DEFAULT NULL,
  `updated_at` timestamp NULL DEFAULT NULL,
  PRIMARY KEY (`id`)
) ENGINE=MyISAM  DEFAULT CHARSET=utf8 COLLATE=utf8_unicode_ci AUTO_INCREMENT=76 ;

--
-- Dumping data for table `sales`
--

INSERT INTO `sales` (`id`, `status_id`, `user_id`, `receipt`, `quantity`, `amount`, `created_at`, `updated_at`) VALUES
(1, 2, 4, 'O41310', 3, '970.00', '2017-07-08 15:15:09', '2017-07-08 15:16:34'),
(2, 2, 4, 'O74876', 6, '2220.00', '2017-07-08 15:58:58', '2017-07-08 15:59:59'),
(3, 2, 4, 'O71030', 6, '3238.95', '2017-07-08 16:00:28', '2017-07-08 16:01:22'),
(4, 2, 4, 'O49746', 5, '3213.99', '2017-07-08 16:01:45', '2017-07-08 16:02:16'),
(5, 2, 4, 'O38514', 4, '2100.90', '2017-07-08 16:35:18', '2017-07-08 16:36:02'),
(6, 2, 4, 'O73609', 5, '3225.00', '2017-07-08 16:39:02', '2017-07-08 16:39:35'),
(7, 2, 4, 'O882', 1, '950.00', '2017-07-08 16:39:46', '2017-07-08 16:39:49'),
(8, 2, 4, 'O25666', 1, '45.00', '2017-07-08 16:39:57', '2017-07-08 16:39:59'),
(9, 2, 4, 'O20867', 1, '100.00', '2017-07-08 16:40:06', '2017-07-08 16:40:08'),
(10, 2, 4, 'O22095', 2, '925.00', '2017-07-08 16:40:18', '2017-07-08 16:40:25'),
(11, 2, 4, 'O24578', 2, '945.00', '2017-07-08 16:40:39', '2017-07-08 16:40:46'),
(12, 2, 4, 'O66409', 2, '975.00', '2017-07-08 16:41:02', '2017-07-08 16:41:10'),
(13, 2, 4, 'O26371', 3, '1145.00', '2017-07-08 16:41:20', '2017-07-08 16:41:32'),
(14, 2, 4, 'O20967', 1, '950.00', '2017-07-08 16:42:33', '2017-07-08 16:42:35'),
(15, 2, 4, 'O84770', 1, '25.00', '2017-07-08 16:42:43', '2017-07-08 16:42:45'),
(16, 2, 4, 'O90454', 1, '550.00', '2017-07-08 16:42:53', '2017-07-08 16:42:55'),
(17, 2, 4, 'O54722', 1, '1100.00', '2017-07-08 16:43:03', '2017-07-08 16:43:05'),
(18, 2, 4, 'O27885', 4, '2045.00', '2017-07-08 16:43:15', '2017-07-08 16:43:27'),
(19, 2, 4, 'O62497', 5, '2120.00', '2017-07-08 16:43:38', '2017-07-08 16:43:54'),
(20, 2, 4, 'O57030', 2, '925.00', '2017-07-08 16:44:11', '2017-07-08 16:44:17'),
(21, 2, 4, 'O56316', 1, '45.00', '2017-08-08 16:45:16', '2017-08-08 16:45:21'),
(22, 2, 4, 'O66432', 1, '25.00', '2017-08-08 16:45:30', '2017-08-08 16:45:32'),
(23, 2, 4, 'O96024', 3, '1190.00', '2017-08-08 16:45:41', '2017-08-08 16:45:46'),
(24, 2, 4, 'O60964', 1, '100.00', '2017-08-08 16:45:55', '2017-08-08 16:45:57'),
(25, 2, 4, 'O83131', 1, '45.00', '2017-08-08 16:46:55', '2017-08-08 16:46:56'),
(26, 2, 4, 'O78543', 1, '25.00', '2017-08-08 16:47:03', '2017-08-08 16:47:04'),
(27, 2, 4, 'O81442', 2, '200.00', '2017-08-08 16:47:11', '2017-08-08 16:47:13'),
(28, 2, 4, 'O93690', 1, '950.00', '2017-08-08 16:47:19', '2017-08-08 16:47:21'),
(29, 2, 4, 'O20300', 1, '1100.00', '2017-08-08 16:47:29', '2017-08-08 16:47:30'),
(30, 2, 4, 'O65016', 1, '950.00', '2017-08-08 16:47:39', '2017-08-08 16:47:41'),
(31, 2, 4, 'O93244', 4, '309.78', '2017-08-08 16:48:23', '2017-08-08 16:48:51'),
(32, 2, 4, 'O576', 1, '1100.00', '2017-08-08 16:49:13', '2017-08-08 16:49:16'),
(33, 2, 4, 'O16812', 1, '900.00', '2017-08-08 16:49:22', '2017-08-08 16:49:25'),
(34, 2, 4, 'O54648', 1, '25.00', '2017-08-08 16:49:33', '2017-08-08 16:49:35'),
(35, 2, 4, 'O55946', 2, '90.00', '2017-08-08 16:49:42', '2017-08-08 16:49:43'),
(36, 2, 4, 'O5822', 2, '1100.00', '2017-08-08 16:49:55', '2017-08-08 16:49:56'),
(37, 1, 2, 'O89630', NULL, NULL, '2017-08-08 19:28:32', '2017-08-08 19:28:32'),
(38, 2, 2, 'O42092', 2, '56.00', '2017-08-08 19:29:04', '2017-08-08 19:29:10'),
(39, 2, 2, 'O35126', 1, '68.95', '2017-08-08 19:29:33', '2017-08-08 19:29:36'),
(40, 2, 2, 'O22737', 11, '838.45', '2017-08-08 19:29:47', '2017-08-08 19:30:00'),
(41, 2, 2, 'O70760', 25, '2473.75', '2017-09-08 19:30:22', '2017-09-08 19:30:30'),
(42, 2, 2, 'O60126', 22, '2149.85', '2017-09-08 19:30:45', '2017-09-08 19:31:14'),
(43, 2, 2, 'O9566', 6, '198.30', '2017-09-08 19:34:53', '2017-09-08 19:35:41'),
(44, 2, 2, 'O32692', 13, '179.20', '2017-09-08 19:36:06', '2017-09-08 19:36:48'),
(45, 2, 2, 'O85336', 5, '1189.50', '2017-09-08 19:37:29', '2017-09-08 19:38:51'),
(46, 2, 2, 'O81289', 1, '599.95', '2017-09-08 19:39:29', '2017-09-08 19:39:36'),
(47, 2, 2, 'O97054', 5, '44.95', '2017-09-08 19:40:14', '2017-09-08 19:40:23'),
(48, 2, 2, 'O14382', 10, '40.50', '2017-09-08 19:42:51', '2017-09-08 19:43:43'),
(49, 2, 2, 'O50684', 8, '57.40', '2017-09-08 19:44:24', '2017-09-08 19:45:12'),
(50, 2, 2, 'O11125', 3, '116.97', '2017-09-08 19:45:49', '2017-09-08 19:45:59'),
(51, 2, 2, 'O13676', 2, '70.00', '2017-09-08 19:46:28', '2017-09-08 19:47:04'),
(52, 2, 2, 'O79141', 1, '900.00', '2017-09-08 19:47:47', '2017-09-08 19:47:56'),
(53, 1, 2, 'O53273', NULL, NULL, '2017-09-08 19:48:43', '2017-09-08 19:48:43'),
(54, 2, 2, 'O95150', 1, '950.00', '2017-09-08 19:48:46', '2017-09-08 19:48:57'),
(55, 2, 2, 'O11584', 2, '200.00', '2017-09-08 19:50:20', '2017-09-08 19:50:44'),
(56, 2, 2, 'O43063', 1, '550.00', '2017-09-08 19:51:40', '2017-09-08 19:51:47'),
(57, 2, 2, 'O1033', 1, '1100.00', '2017-09-08 19:52:16', '2017-09-08 19:52:25'),
(58, 2, 2, 'O86705', 4, '107.85', '2017-09-08 19:53:26', '2017-09-08 19:54:17'),
(59, 2, 2, 'O4007', 10, '280.00', '2017-09-08 19:55:11', '2017-09-08 19:55:20'),
(60, 2, 2, 'O43977', 37, '3372.55', '2017-09-08 19:55:46', '2017-09-08 19:57:16'),
(61, 2, 2, 'O43020', 2, '171.85', '2017-10-08 19:58:00', '2017-10-08 19:59:16'),
(62, 2, 2, 'O61013', 12, '1890.10', '2017-10-08 20:00:01', '2017-10-08 20:02:01'),
(63, 2, 2, 'O86397', 21, '200.77', '2017-10-08 20:02:46', '2017-10-08 20:05:14'),
(64, 2, 2, 'O46511', 1, '8.99', '2017-10-08 20:06:07', '2017-10-08 20:06:21'),
(65, 2, 2, 'O76636', 2, '608.90', '2017-10-08 20:07:08', '2017-10-08 20:07:59'),
(66, 2, 2, 'O14729', 6, '301.50', '2017-10-08 20:13:16', '2017-10-08 20:14:24'),
(67, 1, 2, 'O7549', NULL, NULL, '2017-10-08 20:15:32', '2017-10-08 20:15:32'),
(68, 2, 2, 'O41497', 1, '950.00', '2017-10-08 20:16:54', '2017-10-08 20:17:04'),
(69, 2, 2, 'O18374', 3, '206.85', '2017-10-08 20:18:08', '2017-10-08 20:18:17'),
(70, 2, 2, 'O48033', 6, '27.00', '2017-10-08 20:21:39', '2017-10-08 20:21:48'),
(71, 2, 2, 'O43866', 3, '982.70', '2017-10-08 20:26:24', '2017-10-08 20:28:17'),
(72, 2, 2, 'O67065', 5, '149.50', '2017-10-08 20:30:36', '2017-10-08 20:30:50'),
(73, 2, 2, 'O24133', 2, '96.95', '2017-10-08 20:31:25', '2017-10-08 20:32:02'),
(74, 2, 2, 'O24688', 30, '6052.31', '2017-10-08 20:32:38', '2017-10-08 20:47:10'),
(75, 1, 1, 'O61986', NULL, NULL, '2017-10-09 02:53:23', '2017-10-09 02:53:23');

-- --------------------------------------------------------

--
-- Table structure for table `sale_details`
--

CREATE TABLE IF NOT EXISTS `sale_details` (
  `id` int(10) unsigned NOT NULL AUTO_INCREMENT,
  `sale_id` int(10) unsigned NOT NULL,
  `product_id` int(10) unsigned NOT NULL,
  `quantity` int(11) NOT NULL,
  `amount` decimal(10,2) DEFAULT NULL,
  `created_at` timestamp NULL DEFAULT NULL,
  `updated_at` timestamp NULL DEFAULT NULL,
  PRIMARY KEY (`id`)
) ENGINE=MyISAM  DEFAULT CHARSET=utf8 COLLATE=utf8_unicode_ci AUTO_INCREMENT=168 ;

--
-- Dumping data for table `sale_details`
--

INSERT INTO `sale_details` (`id`, `sale_id`, `product_id`, `quantity`, `amount`, `created_at`, `updated_at`) VALUES
(1, 1, 26, 1, '900.00', '2017-10-08 15:15:09', '2017-10-08 15:15:09'),
(2, 1, 24, 1, '25.00', '2017-10-08 15:16:26', '2017-10-08 15:16:26'),
(3, 1, 25, 1, '45.00', '2017-10-08 15:16:32', '2017-10-08 15:16:32'),
(4, 2, 29, 2, '1100.00', '2017-10-08 15:58:58', '2017-10-08 15:59:27'),
(5, 2, 27, 1, '950.00', '2017-10-08 15:59:11', '2017-10-08 15:59:11'),
(6, 2, 28, 1, '100.00', '2017-10-08 15:59:39', '2017-10-08 15:59:39'),
(7, 2, 24, 1, '25.00', '2017-10-08 15:59:47', '2017-10-08 15:59:47'),
(8, 2, 25, 1, '45.00', '2017-10-08 15:59:56', '2017-10-08 15:59:56'),
(9, 3, 2, 1, '68.95', '2017-10-08 16:00:28', '2017-10-08 16:00:28'),
(10, 3, 26, 1, '900.00', '2017-10-08 16:00:43', '2017-10-08 16:00:43'),
(11, 3, 30, 2, '2200.00', '2017-10-08 16:00:55', '2017-10-08 16:00:55'),
(12, 3, 24, 1, '25.00', '2017-10-08 16:01:07', '2017-10-08 16:01:07'),
(13, 3, 25, 1, '45.00', '2017-10-08 16:01:17', '2017-10-08 16:01:17'),
(14, 4, 30, 2, '2200.00', '2017-10-08 16:01:45', '2017-10-08 16:01:45'),
(15, 4, 23, 1, '38.99', '2017-10-08 16:01:52', '2017-10-08 16:01:52'),
(16, 4, 27, 1, '950.00', '2017-10-08 16:02:07', '2017-10-08 16:02:07'),
(17, 4, 24, 1, '25.00', '2017-10-08 16:02:15', '2017-10-08 16:02:15'),
(18, 5, 14, 1, '55.90', '2017-10-08 16:35:18', '2017-10-08 16:35:18'),
(19, 5, 30, 1, '1100.00', '2017-10-08 16:35:28', '2017-10-08 16:35:28'),
(20, 5, 26, 1, '900.00', '2017-10-08 16:35:37', '2017-10-08 16:35:37'),
(21, 5, 25, 1, '45.00', '2017-10-08 16:35:59', '2017-10-08 16:35:59'),
(22, 6, 30, 2, '2200.00', '2017-10-08 16:39:02', '2017-10-08 16:39:02'),
(23, 6, 26, 1, '900.00', '2017-10-08 16:39:19', '2017-10-08 16:39:19'),
(24, 6, 24, 1, '25.00', '2017-10-08 16:39:26', '2017-10-08 16:39:26'),
(25, 6, 28, 1, '100.00', '2017-10-08 16:39:33', '2017-10-08 16:39:33'),
(26, 7, 27, 1, '950.00', '2017-10-08 16:39:46', '2017-10-08 16:39:46'),
(27, 8, 25, 1, '45.00', '2017-10-08 16:39:57', '2017-10-08 16:39:57'),
(28, 9, 28, 1, '100.00', '2017-10-08 16:40:06', '2017-10-08 16:40:06'),
(29, 10, 26, 1, '900.00', '2017-10-08 16:40:18', '2017-10-08 16:40:18'),
(30, 10, 24, 1, '25.00', '2017-10-08 16:40:23', '2017-10-08 16:40:23'),
(31, 11, 26, 1, '900.00', '2017-10-08 16:40:39', '2017-10-08 16:40:39'),
(32, 11, 25, 1, '45.00', '2017-10-08 16:40:43', '2017-10-08 16:40:43'),
(33, 12, 24, 1, '25.00', '2017-10-08 16:41:02', '2017-10-08 16:41:02'),
(34, 12, 27, 1, '950.00', '2017-10-08 16:41:09', '2017-10-08 16:41:09'),
(35, 13, 25, 1, '45.00', '2017-10-08 16:41:20', '2017-10-08 16:41:20'),
(36, 13, 29, 2, '1100.00', '2017-10-08 16:41:30', '2017-10-08 16:41:30'),
(37, 14, 27, 1, '950.00', '2017-10-08 16:42:33', '2017-10-08 16:42:33'),
(38, 15, 24, 1, '25.00', '2017-10-08 16:42:43', '2017-10-08 16:42:43'),
(39, 16, 29, 1, '550.00', '2017-10-08 16:42:53', '2017-10-08 16:42:53'),
(40, 17, 30, 1, '1100.00', '2017-10-08 16:43:03', '2017-10-08 16:43:03'),
(41, 18, 26, 1, '900.00', '2017-10-08 16:43:15', '2017-10-08 16:43:15'),
(42, 18, 29, 2, '1100.00', '2017-10-08 16:43:19', '2017-10-08 16:43:19'),
(43, 18, 25, 1, '45.00', '2017-10-08 16:43:26', '2017-10-08 16:43:26'),
(44, 19, 27, 1, '950.00', '2017-10-08 16:43:38', '2017-10-08 16:43:38'),
(45, 19, 29, 2, '1100.00', '2017-10-08 16:43:43', '2017-10-08 16:43:43'),
(46, 19, 24, 1, '25.00', '2017-10-08 16:43:48', '2017-10-08 16:43:48'),
(47, 19, 25, 1, '45.00', '2017-10-08 16:43:52', '2017-10-08 16:43:52'),
(48, 20, 24, 1, '25.00', '2017-10-08 16:44:11', '2017-10-08 16:44:11'),
(49, 20, 26, 1, '900.00', '2017-10-08 16:44:16', '2017-10-08 16:44:16'),
(50, 21, 25, 1, '45.00', '2017-10-08 16:45:16', '2017-10-08 16:45:16'),
(51, 22, 24, 1, '25.00', '2017-10-08 16:45:30', '2017-10-08 16:45:30'),
(52, 23, 30, 1, '1100.00', '2017-10-08 16:45:41', '2017-10-08 16:45:41'),
(53, 23, 25, 2, '90.00', '2017-10-08 16:45:45', '2017-10-08 16:45:45'),
(54, 24, 28, 1, '100.00', '2017-10-08 16:45:55', '2017-10-08 16:45:55'),
(55, 25, 25, 1, '45.00', '2017-10-08 16:46:55', '2017-10-08 16:46:55'),
(56, 26, 24, 1, '25.00', '2017-10-08 16:47:03', '2017-10-08 16:47:03'),
(57, 27, 28, 2, '200.00', '2017-10-08 16:47:11', '2017-10-08 16:47:11'),
(58, 28, 27, 1, '950.00', '2017-10-08 16:47:19', '2017-10-08 16:47:19'),
(59, 29, 30, 1, '1100.00', '2017-10-08 16:47:29', '2017-10-08 16:47:29'),
(60, 30, 27, 1, '950.00', '2017-10-08 16:47:39', '2017-10-08 16:47:39'),
(61, 31, 28, 1, '100.00', '2017-10-08 16:48:23', '2017-10-08 16:48:23'),
(62, 31, 14, 1, '55.90', '2017-10-08 16:48:30', '2017-10-08 16:48:30'),
(63, 31, 13, 1, '150.90', '2017-10-08 16:48:38', '2017-10-08 16:48:38'),
(64, 31, 20, 1, '2.98', '2017-10-08 16:48:43', '2017-10-08 16:48:43'),
(65, 32, 30, 1, '1100.00', '2017-10-08 16:49:13', '2017-10-08 16:49:13'),
(66, 33, 26, 1, '900.00', '2017-10-08 16:49:22', '2017-10-08 16:49:22'),
(67, 34, 24, 1, '25.00', '2017-10-08 16:49:33', '2017-10-08 16:49:33'),
(68, 35, 25, 2, '90.00', '2017-10-08 16:49:42', '2017-10-08 16:49:42'),
(69, 36, 29, 2, '1100.00', '2017-10-08 16:49:55', '2017-10-08 16:49:55'),
(70, 37, 1, 3, '84.00', '2017-10-08 19:28:32', '2017-10-08 19:28:32'),
(71, 38, 1, 2, '56.00', '2017-10-08 19:29:04', '2017-10-08 19:29:04'),
(72, 39, 2, 1, '68.95', '2017-10-08 19:29:33', '2017-10-08 19:29:33'),
(73, 40, 3, 1, '38.95', '2017-10-08 19:29:47', '2017-10-08 19:29:47'),
(74, 40, 4, 10, '799.50', '2017-10-08 19:29:56', '2017-10-08 19:29:56'),
(75, 41, 5, 25, '2473.75', '2017-10-08 19:30:22', '2017-10-08 19:30:22'),
(76, 42, 6, 20, '1978.00', '2017-10-08 19:30:45', '2017-10-08 19:30:45'),
(77, 42, 7, 1, '35.95', '2017-10-08 19:30:58', '2017-10-08 19:30:58'),
(78, 42, 8, 1, '135.90', '2017-10-08 19:31:10', '2017-10-08 19:31:10'),
(79, 43, 9, 1, '175.80', '2017-10-08 19:34:53', '2017-10-08 19:34:53'),
(80, 43, 10, 5, '22.50', '2017-10-08 19:35:24', '2017-10-08 19:35:24'),
(81, 44, 11, 3, '89.70', '2017-10-08 19:36:06', '2017-10-08 19:36:06'),
(82, 44, 12, 10, '89.50', '2017-10-08 19:36:34', '2017-10-08 19:36:34'),
(83, 45, 13, 3, '452.70', '2017-10-08 19:37:29', '2017-10-08 19:37:29'),
(84, 45, 14, 1, '55.90', '2017-10-08 19:38:02', '2017-10-08 19:38:02'),
(85, 45, 15, 1, '680.90', '2017-10-08 19:38:21', '2017-10-08 19:38:21'),
(86, 46, 16, 1, '599.95', '2017-10-08 19:39:29', '2017-10-08 19:39:29'),
(87, 47, 17, 5, '44.95', '2017-10-08 19:40:14', '2017-10-08 19:40:14'),
(88, 48, 18, 8, '30.00', '2017-10-08 19:42:51', '2017-10-08 19:42:51'),
(89, 48, 19, 2, '10.50', '2017-10-08 19:43:34', '2017-10-08 19:43:34'),
(90, 49, 20, 5, '14.90', '2017-10-08 19:44:24', '2017-10-08 19:44:24'),
(91, 49, 21, 1, '17.50', '2017-10-08 19:44:44', '2017-10-08 19:44:44'),
(92, 49, 22, 2, '25.00', '2017-10-08 19:45:05', '2017-10-08 19:45:05'),
(93, 50, 23, 3, '116.97', '2017-10-08 19:45:49', '2017-10-08 19:45:49'),
(94, 51, 24, 1, '25.00', '2017-10-08 19:46:28', '2017-10-08 19:46:28'),
(95, 51, 25, 1, '45.00', '2017-10-08 19:46:46', '2017-10-08 19:46:46'),
(96, 52, 26, 1, '900.00', '2017-10-08 19:47:47', '2017-10-08 19:47:47'),
(97, 53, 27, 1, '950.00', '2017-10-08 19:48:43', '2017-10-08 19:48:43'),
(98, 54, 27, 1, '950.00', '2017-10-08 19:48:46', '2017-10-08 19:48:46'),
(99, 55, 28, 2, '200.00', '2017-10-08 19:50:20', '2017-10-08 19:50:20'),
(100, 56, 29, 1, '550.00', '2017-10-08 19:51:40', '2017-10-08 19:51:40'),
(101, 57, 30, 1, '1100.00', '2017-10-08 19:52:16', '2017-10-08 19:52:16'),
(102, 58, 2, 1, '68.95', '2017-10-08 19:53:26', '2017-10-08 19:53:26'),
(103, 58, 10, 2, '9.00', '2017-10-08 19:53:47', '2017-10-08 19:53:47'),
(104, 58, 11, 1, '29.90', '2017-10-08 19:54:04', '2017-10-08 19:54:04'),
(105, 59, 1, 10, '280.00', '2017-10-08 19:55:11', '2017-10-08 19:55:11'),
(106, 60, 3, 1, '38.95', '2017-10-08 19:55:46', '2017-10-08 19:55:46'),
(107, 60, 4, 12, '959.40', '2017-10-08 19:56:21', '2017-10-08 19:56:21'),
(108, 60, 5, 12, '1187.40', '2017-10-08 19:56:57', '2017-10-08 19:56:57'),
(109, 60, 6, 12, '1186.80', '2017-10-08 19:57:11', '2017-10-08 19:57:11'),
(110, 61, 7, 1, '35.95', '2017-10-08 19:58:00', '2017-10-08 19:58:00'),
(111, 61, 8, 1, '135.90', '2017-10-08 19:58:53', '2017-10-08 19:58:53'),
(112, 62, 12, 5, '44.75', '2017-10-08 20:00:01', '2017-10-08 20:00:01'),
(113, 62, 13, 3, '452.70', '2017-10-08 20:00:36', '2017-10-08 20:00:36'),
(114, 62, 14, 2, '111.80', '2017-10-08 20:01:01', '2017-10-08 20:01:01'),
(115, 62, 15, 1, '680.90', '2017-10-08 20:01:27', '2017-10-08 20:01:27'),
(116, 62, 16, 1, '599.95', '2017-10-08 20:01:52', '2017-10-08 20:01:52'),
(117, 63, 18, 5, '18.75', '2017-10-08 20:02:46', '2017-10-08 20:02:46'),
(118, 63, 19, 1, '5.25', '2017-10-08 20:03:15', '2017-10-08 20:03:15'),
(119, 63, 20, 10, '29.80', '2017-10-08 20:03:41', '2017-10-08 20:03:41'),
(120, 63, 21, 1, '17.50', '2017-10-08 20:04:07', '2017-10-08 20:04:07'),
(121, 63, 22, 1, '12.50', '2017-10-08 20:04:38', '2017-10-08 20:04:38'),
(122, 63, 23, 3, '116.97', '2017-10-08 20:04:59', '2017-10-08 20:04:59'),
(123, 64, 17, 1, '8.99', '2017-10-08 20:06:07', '2017-10-08 20:06:07'),
(124, 65, 12, 1, '8.95', '2017-10-08 20:07:08', '2017-10-08 20:07:08'),
(125, 65, 16, 1, '599.95', '2017-10-08 20:07:50', '2017-10-08 20:07:50'),
(126, 66, 14, 2, '111.80', '2017-10-08 20:13:16', '2017-10-08 20:13:16'),
(127, 66, 3, 1, '38.95', '2017-10-08 20:14:01', '2017-10-08 20:14:01'),
(129, 68, 27, 1, '950.00', '2017-10-08 20:16:54', '2017-10-08 20:16:54'),
(130, 69, 2, 3, '206.85', '2017-10-08 20:18:08', '2017-10-08 20:18:08'),
(131, 70, 10, 6, '27.00', '2017-10-08 20:21:39', '2017-10-08 20:21:39'),
(132, 71, 13, 2, '301.80', '2017-10-08 20:26:24', '2017-10-08 20:26:24'),
(133, 71, 15, 1, '680.90', '2017-10-08 20:27:16', '2017-10-08 20:27:16'),
(134, 72, 11, 5, '149.50', '2017-10-08 20:30:36', '2017-10-08 20:30:36'),
(135, 73, 1, 1, '28.00', '2017-10-08 20:31:25', '2017-10-08 20:31:25'),
(136, 73, 2, 1, '68.95', '2017-10-08 20:31:44', '2017-10-08 20:31:44'),
(137, 74, 1, 1, '28.00', '2017-10-08 20:32:38', '2017-10-08 20:32:38'),
(138, 74, 2, 1, '68.95', '2017-10-08 20:32:59', '2017-10-08 20:32:59'),
(139, 74, 3, 1, '38.95', '2017-10-08 20:33:14', '2017-10-08 20:33:14'),
(140, 74, 4, 1, '79.95', '2017-10-08 20:33:29', '2017-10-08 20:33:29'),
(141, 74, 5, 1, '98.95', '2017-10-08 20:33:46', '2017-10-08 20:33:46'),
(142, 74, 6, 1, '98.90', '2017-10-08 20:34:02', '2017-10-08 20:34:02'),
(143, 74, 7, 1, '35.95', '2017-10-08 20:34:30', '2017-10-08 20:34:30'),
(144, 74, 8, 1, '135.90', '2017-10-08 20:35:18', '2017-10-08 20:35:18'),
(145, 74, 9, 1, '175.80', '2017-10-08 20:35:41', '2017-10-08 20:35:41'),
(146, 74, 10, 1, '4.50', '2017-10-08 20:36:03', '2017-10-08 20:36:03'),
(147, 74, 11, 1, '29.90', '2017-10-08 20:37:00', '2017-10-08 20:37:00'),
(148, 74, 12, 1, '8.95', '2017-10-08 20:37:29', '2017-10-08 20:37:29'),
(149, 74, 13, 1, '150.90', '2017-10-08 20:38:00', '2017-10-08 20:38:00'),
(150, 74, 14, 1, '55.90', '2017-10-08 20:38:47', '2017-10-08 20:38:47'),
(151, 74, 15, 1, '680.90', '2017-10-08 20:39:08', '2017-10-08 20:39:08'),
(152, 74, 16, 1, '599.95', '2017-10-08 20:39:36', '2017-10-08 20:39:36'),
(153, 74, 17, 1, '8.99', '2017-10-08 20:40:10', '2017-10-08 20:40:10'),
(154, 74, 18, 1, '3.75', '2017-10-08 20:40:52', '2017-10-08 20:40:52'),
(155, 74, 19, 1, '5.25', '2017-10-08 20:41:31', '2017-10-08 20:41:31'),
(156, 74, 20, 1, '2.98', '2017-10-08 20:42:06', '2017-10-08 20:42:06'),
(157, 74, 21, 1, '17.50', '2017-10-08 20:42:41', '2017-10-08 20:42:41'),
(158, 74, 22, 1, '12.50', '2017-10-08 20:43:17', '2017-10-08 20:43:17'),
(159, 74, 23, 1, '38.99', '2017-10-08 20:43:50', '2017-10-08 20:43:50'),
(160, 74, 24, 1, '25.00', '2017-10-08 20:44:15', '2017-10-08 20:44:15'),
(161, 74, 25, 1, '45.00', '2017-10-08 20:44:37', '2017-10-08 20:44:37'),
(162, 74, 26, 1, '900.00', '2017-10-08 20:45:03', '2017-10-08 20:45:03'),
(163, 74, 27, 1, '950.00', '2017-10-08 20:45:19', '2017-10-08 20:45:19'),
(164, 74, 28, 1, '100.00', '2017-10-08 20:45:56', '2017-10-08 20:45:56'),
(165, 74, 29, 1, '550.00', '2017-10-08 20:46:22', '2017-10-08 20:46:22'),
(166, 74, 30, 1, '1100.00', '2017-10-08 20:46:46', '2017-10-08 20:46:46'),
(167, 75, 1, 1, '28.00', '2017-10-09 02:53:23', '2017-10-09 02:53:23');

-- --------------------------------------------------------

--
-- Table structure for table `users`
--

CREATE TABLE IF NOT EXISTS `users` (
  `id` int(10) unsigned NOT NULL AUTO_INCREMENT,
  `state_id` int(10) unsigned NOT NULL,
  `rol_id` int(10) unsigned NOT NULL,
  `name` varchar(45) COLLATE utf8_unicode_ci NOT NULL,
  `email` varchar(255) COLLATE utf8_unicode_ci NOT NULL,
  `password` varchar(255) COLLATE utf8_unicode_ci NOT NULL,
  `remember_token` varchar(100) COLLATE utf8_unicode_ci DEFAULT NULL,
  `created_at` timestamp NULL DEFAULT NULL,
  `updated_at` timestamp NULL DEFAULT NULL,
  PRIMARY KEY (`id`),
  UNIQUE KEY `users_email_unique` (`email`)
) ENGINE=MyISAM  DEFAULT CHARSET=utf8 COLLATE=utf8_unicode_ci AUTO_INCREMENT=6 ;

--
-- Dumping data for table `users`
--

INSERT INTO `users` (`id`, `state_id`, `rol_id`, `name`, `email`, `password`, `remember_token`, `created_at`, `updated_at`) VALUES
(1, 1, 1, 'Agustin Henriquez', 'henriquezagustin@hotmail.com', '$2y$10$mK57d.3B/S3Y0wLyH4v/puXTeySxt5bIb73YW23DKFu/4VwkfStMu', 'd00ijFq4LXmTd9fflRSmq9DFCsk9PEevfeLYGylauIm3Fql2SfoGyROAeNG6', '2017-10-07 06:39:30', '2017-10-07 06:39:30'),
(2, 1, 1, 'Nancy', 'nancy_ruiz090403@hotmail.com', '$2y$10$aoeaTsfsI2op4D1J2OwZXehffRagXHLlGIj.jJIysDwMF/oQUMr8W', 'lPkJB0PJNlzAhc8D9ORpEpdcRcMQqyIqCDzW8CDN193TXzwvJKz4qnxLj2A1', '2017-10-07 06:57:05', '2017-10-07 06:57:05'),
(3, 1, 1, 'Roberto', 'robert_orellana@outlook.com', '$2y$10$mG4IkyrvjEWkf8AEA157Fe22jrKJqi3HaCObmPKYFkPyza2j8uRqq', NULL, '2017-10-08 07:33:52', '2017-10-08 07:33:52'),
(4, 1, 1, 'Diego Mejia', 'ia.diegoxmt@ufg.edu.sv', '$2y$10$i1r3bnr7qd3T2VelYFOOWuVdxcLztyR6EcIfWkoA6ApOPaa/9Vsc6', NULL, '2017-10-08 14:47:15', '2017-10-08 14:47:15'),
(5, 1, 1, 'Administrador', 'admin@ufg.edu.sv', '$2y$10$IL0YFX.MU4ocrIoLZb9T0ODs5Q5Rq7eP0/21fww3uvE9W9Rbliyj2', NULL, '2017-10-09 02:56:23', '2017-10-09 02:56:23');

-- --------------------------------------------------------

--
-- Table structure for table `user_states`
--

CREATE TABLE IF NOT EXISTS `user_states` (
  `id` int(10) unsigned NOT NULL AUTO_INCREMENT,
  `name` varchar(255) COLLATE utf8_unicode_ci NOT NULL,
  `created_at` timestamp NULL DEFAULT NULL,
  `updated_at` timestamp NULL DEFAULT NULL,
  PRIMARY KEY (`id`)
) ENGINE=MyISAM DEFAULT CHARSET=utf8 COLLATE=utf8_unicode_ci AUTO_INCREMENT=1 ;

/*!40101 SET CHARACTER_SET_CLIENT=@OLD_CHARACTER_SET_CLIENT */;
/*!40101 SET CHARACTER_SET_RESULTS=@OLD_CHARACTER_SET_RESULTS */;
/*!40101 SET COLLATION_CONNECTION=@OLD_COLLATION_CONNECTION */;




